!!ObjTables schema='SBtab' type='Data' tableFormat='row' class='Gene' name='Gene' date='2020-07-18 12:20:25' objTablesVersion='1.0.5' document='MODEL1507180055',,,,,
!ID,!SBML:fbc:ID,!SBML:fbc:Name,!SBML:fbc:GeneProduct,!SBML:fbc:GeneAssociation,!SBML:fbc:Label
G_100039108,G_100039108,100039108,True,False,100039108
G_100041375,G_100041375,100041375,True,False,100041375
G_100042918,G_100042918,100042918,True,False,100042918
G_100043349,G_100043349,100043349,True,False,100043349
G_100043472,G_100043472,100043472,True,False,100043472
G_100043684,G_100043684,100043684,True,False,100043684
G_100163,G_100163,100163,True,False,100163
G_100198,G_100198,100198,True,False,100198
G_100559,G_100559,100559,True,False,100559
G_100678,G_100678,100678,True,False,100678
G_100705,G_100705,100705,True,False,100705
G_101502,G_101502,101502,True,False,101502
G_102247,G_102247,102247,True,False,102247
G_102448,G_102448,102448,True,False,102448
G_102632,G_102632,102632,True,False,102632
G_102857,G_102857,102857,True,False,102857
G_103149,G_103149,103149,True,False,103149
G_103534,G_103534,103534,True,False,103534
G_103711,G_103711,103711,True,False,103711
G_103850,G_103850,103850,True,False,103850
G_103963,G_103963,103963,True,False,103963
G_103988,G_103988,103988,True,False,103988
G_104015,G_104015,104015,True,False,104015
G_104086,G_104086,104086,True,False,104086
G_104110,G_104110,104110,True,False,104110
G_104111,G_104111,104111,True,False,104111
G_104112,G_104112,104112,True,False,104112
G_104174,G_104174,104174,True,False,104174
G_104245,G_104245,104245,True,False,104245
G_104418,G_104418,104418,True,False,104418
G_10476,G_10476,10476,True,False,10476
G_104776,G_104776,104776,True,False,104776
G_105014,G_105014,105014,True,False,105014
G_105243,G_105243,105243,True,False,105243
G_105355,G_105355,105355,True,False,105355
G_105446,G_105446,105446,True,False,105446
G_105663,G_105663,105663,True,False,105663
G_105727,G_105727,105727,True,False,105727
G_106557,G_106557,106557,True,False,106557
G_106564,G_106564,106564,True,False,106564
G_106648,G_106648,106648,True,False,106648
G_107029,G_107029,107029,True,False,107029
G_107272,G_107272,107272,True,False,107272
G_107476,G_107476,107476,True,False,107476
G_107569,G_107569,107569,True,False,107569
G_107605,G_107605,107605,True,False,107605
G_107650,G_107650,107650,True,False,107650
G_107652,G_107652,107652,True,False,107652
G_107723,G_107723,107723,True,False,107723
G_107747,G_107747,107747,True,False,107747
G_107766,G_107766,107766,True,False,107766
G_107869,G_107869,107869,True,False,107869
G_107885,G_107885,107885,True,False,107885
G_107895,G_107895,107895,True,False,107895
G_108037,G_108037,108037,True,False,108037
G_108052,G_108052,108052,True,False,108052
G_108083,G_108083,108083,True,False,108083
G_108105,G_108105,108105,True,False,108105
G_108115,G_108115,108115,True,False,108115
G_108116,G_108116,108116,True,False,108116
G_108147,G_108147,108147,True,False,108147
G_108156,G_108156,108156,True,False,108156
G_108645,G_108645,108645,True,False,108645
G_108664,G_108664,108664,True,False,108664
G_108682,G_108682,108682,True,False,108682
G_108841,G_108841,108841,True,False,108841
G_108902,G_108902,108902,True,False,108902
G_109079,G_109079,109079,True,False,109079
G_109136,G_109136,109136,True,False,109136
G_109264,G_109264,109264,True,False,109264
G_109342,G_109342,109342,True,False,109342
G_109652,G_109652,109652,True,False,109652
G_109674,G_109674,109674,True,False,109674
G_109731,G_109731,109731,True,False,109731
G_109778,G_109778,109778,True,False,109778
G_109785,G_109785,109785,True,False,109785
G_109801,G_109801,109801,True,False,109801
G_109900,G_109900,109900,True,False,109900
G_110006,G_110006,110006,True,False,110006
G_110074,G_110074,110074,True,False,110074
G_110078,G_110078,110078,True,False,110078
G_110095,G_110095,110095,True,False,110095
G_110115,G_110115,110115,True,False,110115
G_110119,G_110119,110119,True,False,110119
G_110147,G_110147,110147,True,False,110147
G_110173,G_110173,110173,True,False,110173
G_110196,G_110196,110196,True,False,110196
G_110198,G_110198,110198,True,False,110198
G_110208,G_110208,110208,True,False,110208
G_110385,G_110385,110385,True,False,110385
G_110391,G_110391,110391,True,False,110391
G_110417,G_110417,110417,True,False,110417
G_110446,G_110446,110446,True,False,110446
G_110639,G_110639,110639,True,False,110639
G_110695,G_110695,110695,True,False,110695
G_110821,G_110821,110821,True,False,110821
G_110826,G_110826,110826,True,False,110826
G_110842,G_110842,110842,True,False,110842
G_110855,G_110855,110855,True,False,110855
G_110877,G_110877,110877,True,False,110877
G_110891,G_110891,110891,True,False,110891
G_110893,G_110893,110893,True,False,110893
G_110895,G_110895,110895,True,False,110895
G_110911,G_110911,110911,True,False,110911
G_110935,G_110935,110935,True,False,110935
G_110948,G_110948,110948,True,False,110948
G_11298,G_11298,11298,True,False,11298
G_11303,G_11303,11303,True,False,11303
G_11364,G_11364,11364,True,False,11364
G_113868,G_113868,113868,True,False,113868
G_11409,G_11409,11409,True,False,11409
G_114143,G_114143,114143,True,False,114143
G_11416,G_11416,11416,True,False,11416
G_11423,G_11423,11423,True,False,11423
G_11428,G_11428,11428,True,False,11428
G_11429,G_11429,11429,True,False,11429
G_11430,G_11430,11430,True,False,11430
G_114304,G_114304,114304,True,False,114304
G_11431,G_11431,11431,True,False,11431
G_11432,G_11432,11432,True,False,11432
G_114479,G_114479,114479,True,False,114479
G_114644,G_114644,114644,True,False,114644
G_114663,G_114663,114663,True,False,114663
G_11484,G_11484,11484,True,False,11484
G_11486,G_11486,11486,True,False,11486
G_114863,G_114863,114863,True,False,114863
G_114875,G_114875,114875,True,False,114875
G_11512,G_11512,11512,True,False,11512
G_11513,G_11513,11513,True,False,11513
G_11514,G_11514,11514,True,False,11514
G_11515,G_11515,11515,True,False,11515
G_11532,G_11532,11532,True,False,11532
G_11534,G_11534,11534,True,False,11534
G_11564,G_11564,11564,True,False,11564
G_11565,G_11565,11565,True,False,11565
G_11566,G_11566,11566,True,False,11566
G_1159,G_1159,1159,True,False,1159
G_11593,G_11593,11593,True,False,11593
G_11605,G_11605,11605,True,False,11605
G_11611,G_11611,11611,True,False,11611
G_11628,G_11628,11628,True,False,11628
G_11636,G_11636,11636,True,False,11636
G_11647,G_11647,11647,True,False,11647
G_11650,G_11650,11650,True,False,11650
G_11655,G_11655,11655,True,False,11655
G_11656,G_11656,11656,True,False,11656
G_11668,G_11668,11668,True,False,11668
G_11669,G_11669,11669,True,False,11669
G_11670,G_11670,11670,True,False,11670
G_11671,G_11671,11671,True,False,11671
G_11674,G_11674,11674,True,False,11674
G_11676,G_11676,11676,True,False,11676
G_11677,G_11677,11677,True,False,11677
G_11684,G_11684,11684,True,False,11684
G_11686,G_11686,11686,True,False,11686
G_11687,G_11687,11687,True,False,11687
G_11688,G_11688,11688,True,False,11688
G_11689,G_11689,11689,True,False,11689
G_116914,G_116914,116914,True,False,116914
G_11702,G_11702,11702,True,False,11702
G_117147,G_117147,117147,True,False,117147
G_117150,G_117150,117150,True,False,117150
G_11717,G_11717,11717,True,False,11717
G_11720,G_11720,11720,True,False,11720
G_11722,G_11722,11722,True,False,11722
G_11739,G_11739,11739,True,False,11739
G_11740,G_11740,11740,True,False,11740
G_11754,G_11754,11754,True,False,11754
G_11757,G_11757,11757,True,False,11757
G_117592,G_117592,117592,True,False,117592
G_11761,G_11761,11761,True,False,11761
G_11821,G_11821,11821,True,False,11821
G_11833,G_11833,11833,True,False,11833
G_11846,G_11846,11846,True,False,11846
G_11847,G_11847,11847,True,False,11847
G_11881,G_11881,11881,True,False,11881
G_11883,G_11883,11883,True,False,11883
G_11886,G_11886,11886,True,False,11886
G_11898,G_11898,11898,True,False,11898
G_11941,G_11941,11941,True,False,11941
G_11944,G_11944,11944,True,False,11944
G_11945,G_11945,11945,True,False,11945
G_11946,G_11946,11946,True,False,11946
G_11947,G_11947,11947,True,False,11947
G_11949,G_11949,11949,True,False,11949
G_11950,G_11950,11950,True,False,11950
G_11951,G_11951,11951,True,False,11951
G_11957,G_11957,11957,True,False,11957
G_11958,G_11958,11958,True,False,11958
G_11964,G_11964,11964,True,False,11964
G_11966,G_11966,11966,True,False,11966
G_11972,G_11972,11972,True,False,11972
G_11973,G_11973,11973,True,False,11973
G_11974,G_11974,11974,True,False,11974
G_11975,G_11975,11975,True,False,11975
G_11980,G_11980,11980,True,False,11980
G_11982,G_11982,11982,True,False,11982
G_11984,G_11984,11984,True,False,11984
G_11987,G_11987,11987,True,False,11987
G_11988,G_11988,11988,True,False,11988
G_11989,G_11989,11989,True,False,11989
G_11992,G_11992,11992,True,False,11992
G_12012,G_12012,12012,True,False,12012
G_12035,G_12035,12035,True,False,12035
G_12036,G_12036,12036,True,False,12036
G_12039,G_12039,12039,True,False,12039
G_12040,G_12040,12040,True,False,12040
G_12091,G_12091,12091,True,False,12091
G_12116,G_12116,12116,True,False,12116
G_12183,G_12183,12183,True,False,12183
G_12346,G_12346,12346,True,False,12346
G_12349,G_12349,12349,True,False,12349
G_12350,G_12350,12350,True,False,12350
G_12351,G_12351,12351,True,False,12351
G_12352,G_12352,12352,True,False,12352
G_12354,G_12354,12354,True,False,12354
G_12359,G_12359,12359,True,False,12359
G_12408,G_12408,12408,True,False,12408
G_12411,G_12411,12411,True,False,12411
G_12494,G_12494,12494,True,False,12494
G_12495,G_12495,12495,True,False,12495
G_12496,G_12496,12496,True,False,12496
G_12497,G_12497,12497,True,False,12497
G_12499,G_12499,12499,True,False,12499
G_12583,G_12583,12583,True,False,12583
G_12642,G_12642,12642,True,False,12642
G_12647,G_12647,12647,True,False,12647
G_12651,G_12651,12651,True,False,12651
G_12660,G_12660,12660,True,False,12660
G_12709,G_12709,12709,True,False,12709
G_12715,G_12715,12715,True,False,12715
G_12764,G_12764,12764,True,False,12764
G_12846,G_12846,12846,True,False,12846
G_12850,G_12850,12850,True,False,12850
G_12892,G_12892,12892,True,False,12892
G_12894,G_12894,12894,True,False,12894
G_12895,G_12895,12895,True,False,12895
G_12896,G_12896,12896,True,False,12896
G_12908,G_12908,12908,True,False,12908
G_12934,G_12934,12934,True,False,12934
G_12974,G_12974,12974,True,False,12974
G_13026,G_13026,13026,True,False,13026
G_13070,G_13070,13070,True,False,13070
G_13072,G_13072,13072,True,False,13072
G_13074,G_13074,13074,True,False,13074
G_13075,G_13075,13075,True,False,13075
G_13076,G_13076,13076,True,False,13076
G_13077,G_13077,13077,True,False,13077
G_13078,G_13078,13078,True,False,13078
G_13079,G_13079,13079,True,False,13079
G_13081,G_13081,13081,True,False,13081
G_13106,G_13106,13106,True,False,13106
G_13107,G_13107,13107,True,False,13107
G_13113,G_13113,13113,True,False,13113
G_13115,G_13115,13115,True,False,13115
G_13116,G_13116,13116,True,False,13116
G_13117,G_13117,13117,True,False,13117
G_13121,G_13121,13121,True,False,13121
G_13122,G_13122,13122,True,False,13122
G_13123,G_13123,13123,True,False,13123
G_13124,G_13124,13124,True,False,13124
G_13135,G_13135,13135,True,False,13135
G_13142,G_13142,13142,True,False,13142
G_13162,G_13162,13162,True,False,13162
G_13166,G_13166,13166,True,False,13166
G_13171,G_13171,13171,True,False,13171
G_13177,G_13177,13177,True,False,13177
G_13178,G_13178,13178,True,False,13178
G_13180,G_13180,13180,True,False,13180
G_13190,G_13190,13190,True,False,13190
G_13195,G_13195,13195,True,False,13195
G_13200,G_13200,13200,True,False,13200
G_13244,G_13244,13244,True,False,13244
G_13340,G_13340,13340,True,False,13340
G_13350,G_13350,13350,True,False,13350
G_13358,G_13358,13358,True,False,13358
G_13360,G_13360,13360,True,False,13360
G_13361,G_13361,13361,True,False,13361
G_13382,G_13382,13382,True,False,13382
G_13433,G_13433,13433,True,False,13433
G_13434,G_13434,13434,True,False,13434
G_13435,G_13435,13435,True,False,13435
G_13436,G_13436,13436,True,False,13436
G_13478,G_13478,13478,True,False,13478
G_13480,G_13480,13480,True,False,13480
G_13481,G_13481,13481,True,False,13481
G_13487,G_13487,13487,True,False,13487
G_13521,G_13521,13521,True,False,13521
G_13595,G_13595,13595,True,False,13595
G_13806,G_13806,13806,True,False,13806
G_13807,G_13807,13807,True,False,13807
G_13808,G_13808,13808,True,False,13808
G_13861,G_13861,13861,True,False,13861
G_13885,G_13885,13885,True,False,13885
G_14042,G_14042,14042,True,False,14042
G_14043,G_14043,14043,True,False,14043
G_140483,G_140483,140483,True,False,140483
G_140494,G_140494,140494,True,False,140494
G_14081,G_14081,14081,True,False,14081
G_14085,G_14085,14085,True,False,14085
G_14104,G_14104,14104,True,False,14104
G_14120,G_14120,14120,True,False,14120
G_14121,G_14121,14121,True,False,14121
G_14137,G_14137,14137,True,False,14137
G_14151,G_14151,14151,True,False,14151
G_14194,G_14194,14194,True,False,14194
G_142681,G_142681,142681,True,False,142681
G_14287,G_14287,14287,True,False,14287
G_14317,G_14317,14317,True,False,14317
G_14343,G_14343,14343,True,False,14343
G_14348,G_14348,14348,True,False,14348
G_14377,G_14377,14377,True,False,14377
G_14378,G_14378,14378,True,False,14378
G_14381,G_14381,14381,True,False,14381
G_14385,G_14385,14385,True,False,14385
G_14387,G_14387,14387,True,False,14387
G_14411,G_14411,14411,True,False,14411
G_14412,G_14412,14412,True,False,14412
G_14415,G_14415,14415,True,False,14415
G_14417,G_14417,14417,True,False,14417
G_14420,G_14420,14420,True,False,14420
G_14421,G_14421,14421,True,False,14421
G_14430,G_14430,14430,True,False,14430
G_14431,G_14431,14431,True,False,14431
G_14447,G_14447,14447,True,False,14447
G_14450,G_14450,14450,True,False,14450
G_14466,G_14466,14466,True,False,14466
G_14528,G_14528,14528,True,False,14528
G_14537,G_14537,14537,True,False,14537
G_14538,G_14538,14538,True,False,14538
G_14544,G_14544,14544,True,False,14544
G_14555,G_14555,14555,True,False,14555
G_14571,G_14571,14571,True,False,14571
G_14583,G_14583,14583,True,False,14583
G_14584,G_14584,14584,True,False,14584
G_14593,G_14593,14593,True,False,14593
G_14595,G_14595,14595,True,False,14595
G_14598,G_14598,14598,True,False,14598
G_14626,G_14626,14626,True,False,14626
G_14629,G_14629,14629,True,False,14629
G_14630,G_14630,14630,True,False,14630
G_14635,G_14635,14635,True,False,14635
G_14645,G_14645,14645,True,False,14645
G_14651,G_14651,14651,True,False,14651
G_14660,G_14660,14660,True,False,14660
G_14664,G_14664,14664,True,False,14664
G_14711,G_14711,14711,True,False,14711
G_14712,G_14712,14712,True,False,14712
G_14718,G_14718,14718,True,False,14718
G_14719,G_14719,14719,True,False,14719
G_14731,G_14731,14731,True,False,14731
G_14732,G_14732,14732,True,False,14732
G_14751,G_14751,14751,True,False,14751
G_14755,G_14755,14755,True,False,14755
G_14775,G_14775,14775,True,False,14775
G_14776,G_14776,14776,True,False,14776
G_14778,G_14778,14778,True,False,14778
G_14782,G_14782,14782,True,False,14782
G_14854,G_14854,14854,True,False,14854
G_14863,G_14863,14863,True,False,14863
G_14874,G_14874,14874,True,False,14874
G_14917,G_14917,14917,True,False,14917
G_14919,G_14919,14919,True,False,14919
G_14923,G_14923,14923,True,False,14923
G_14933,G_14933,14933,True,False,14933
G_14936,G_14936,14936,True,False,14936
G_14979,G_14979,14979,True,False,14979
G_15107,G_15107,15107,True,False,15107
G_15108,G_15108,15108,True,False,15108
G_15109,G_15109,15109,True,False,15109
G_15112,G_15112,15112,True,False,15112
G_15116,G_15116,15116,True,False,15116
G_15117,G_15117,15117,True,False,15117
G_15118,G_15118,15118,True,False,15118
G_15186,G_15186,15186,True,False,15186
G_15211,G_15211,15211,True,False,15211
G_15212,G_15212,15212,True,False,15212
G_15233,G_15233,15233,True,False,15233
G_15275,G_15275,15275,True,False,15275
G_15277,G_15277,15277,True,False,15277
G_15288,G_15288,15288,True,False,15288
G_15356,G_15356,15356,True,False,15356
G_15357,G_15357,15357,True,False,15357
G_15360,G_15360,15360,True,False,15360
G_15368,G_15368,15368,True,False,15368
G_15369,G_15369,15369,True,False,15369
G_15445,G_15445,15445,True,False,15445
G_15450,G_15450,15450,True,False,15450
G_15452,G_15452,15452,True,False,15452
G_15476,G_15476,15476,True,False,15476
G_15478,G_15478,15478,True,False,15478
G_15483,G_15483,15483,True,False,15483
G_15484,G_15484,15484,True,False,15484
G_15485,G_15485,15485,True,False,15485
G_15486,G_15486,15486,True,False,15486
G_15487,G_15487,15487,True,False,15487
G_15488,G_15488,15488,True,False,15488
G_15490,G_15490,15490,True,False,15490
G_15492,G_15492,15492,True,False,15492
G_15493,G_15493,15493,True,False,15493
G_15531,G_15531,15531,True,False,15531
G_15567,G_15567,15567,True,False,15567
G_15926,G_15926,15926,True,False,15926
G_15929,G_15929,15929,True,False,15929
G_15930,G_15930,15930,True,False,15930
G_15931,G_15931,15931,True,False,15931
G_15932,G_15932,15932,True,False,15932
G_160287,G_160287,160287,True,False,160287
G_16329,G_16329,16329,True,False,16329
G_16330,G_16330,16330,True,False,16330
G_16331,G_16331,16331,True,False,16331
G_16332,G_16332,16332,True,False,16332
G_16434,G_16434,16434,True,False,16434
G_16548,G_16548,16548,True,False,16548
G_16770,G_16770,16770,True,False,16770
G_16790,G_16790,16790,True,False,16790
G_16816,G_16816,16816,True,False,16816
G_16828,G_16828,16828,True,False,16828
G_16832,G_16832,16832,True,False,16832
G_16833,G_16833,16833,True,False,16833
G_16891,G_16891,16891,True,False,16891
G_16922,G_16922,16922,True,False,16922
G_16956,G_16956,16956,True,False,16956
G_16987,G_16987,16987,True,False,16987
G_16993,G_16993,16993,True,False,16993
G_17001,G_17001,17001,True,False,17001
G_17025,G_17025,17025,True,False,17025
G_170441,G_170441,170441,True,False,170441
G_170442,G_170442,170442,True,False,170442
G_170718,G_170718,170718,True,False,170718
G_170768,G_170768,170768,True,False,170768
G_170789,G_170789,170789,True,False,170789
G_17117,G_17117,17117,True,False,17117
G_171210,G_171210,171210,True,False,171210
G_171429,G_171429,171429,True,False,171429
G_17155,G_17155,17155,True,False,17155
G_17156,G_17156,17156,True,False,17156
G_171567,G_171567,171567,True,False,171567
G_17158,G_17158,17158,True,False,17158
G_17159,G_17159,17159,True,False,17159
G_17161,G_17161,17161,True,False,17161
G_17250,G_17250,17250,True,False,17250
G_17252,G_17252,17252,True,False,17252
G_17254,G_17254,17254,True,False,17254
G_17308,G_17308,17308,True,False,17308
G_17309,G_17309,17309,True,False,17309
G_17423,G_17423,17423,True,False,17423
G_17436,G_17436,17436,True,False,17436
G_17448,G_17448,17448,True,False,17448
G_17449,G_17449,17449,True,False,17449
G_17523,G_17523,17523,True,False,17523
G_17711,G_17711,17711,True,False,17711
G_17716,G_17716,17716,True,False,17716
G_17717,G_17717,17717,True,False,17717
G_17718,G_17718,17718,True,False,17718
G_17719,G_17719,17719,True,False,17719
G_17720,G_17720,17720,True,False,17720
G_17721,G_17721,17721,True,False,17721
G_17768,G_17768,17768,True,False,17768
G_17769,G_17769,17769,True,False,17769
G_17850,G_17850,17850,True,False,17850
G_17855,G_17855,17855,True,False,17855
G_17939,G_17939,17939,True,False,17939
G_17991,G_17991,17991,True,False,17991
G_17992,G_17992,17992,True,False,17992
G_17993,G_17993,17993,True,False,17993
G_17995,G_17995,17995,True,False,17995
G_18010,G_18010,18010,True,False,18010
G_18102,G_18102,18102,True,False,18102
G_18103,G_18103,18103,True,False,18103
G_18113,G_18113,18113,True,False,18113
G_18115,G_18115,18115,True,False,18115
G_18125,G_18125,18125,True,False,18125
G_18126,G_18126,18126,True,False,18126
G_18127,G_18127,18127,True,False,18127
G_18160,G_18160,18160,True,False,18160
G_18194,G_18194,18194,True,False,18194
G_18195,G_18195,18195,True,False,18195
G_18242,G_18242,18242,True,False,18242
G_18263,G_18263,18263,True,False,18263
G_18293,G_18293,18293,True,False,18293
G_18408,G_18408,18408,True,False,18408
G_18416,G_18416,18416,True,False,18416
G_18451,G_18451,18451,True,False,18451
G_18452,G_18452,18452,True,False,18452
G_18453,G_18453,18453,True,False,18453
G_18472,G_18472,18472,True,False,18472
G_18475,G_18475,18475,True,False,18475
G_18476,G_18476,18476,True,False,18476
G_18477,G_18477,18477,True,False,18477
G_18478,G_18478,18478,True,False,18478
G_18534,G_18534,18534,True,False,18534
G_18563,G_18563,18563,True,False,18563
G_18573,G_18573,18573,True,False,18573
G_18574,G_18574,18574,True,False,18574
G_18575,G_18575,18575,True,False,18575
G_18576,G_18576,18576,True,False,18576
G_18578,G_18578,18578,True,False,18578
G_18582,G_18582,18582,True,False,18582
G_18583,G_18583,18583,True,False,18583
G_18584,G_18584,18584,True,False,18584
G_18587,G_18587,18587,True,False,18587
G_18588,G_18588,18588,True,False,18588
G_18597,G_18597,18597,True,False,18597
G_18598,G_18598,18598,True,False,18598
G_18605,G_18605,18605,True,False,18605
G_18606,G_18606,18606,True,False,18606
G_18618,G_18618,18618,True,False,18618
G_18639,G_18639,18639,True,False,18639
G_18640,G_18640,18640,True,False,18640
G_18641,G_18641,18641,True,False,18641
G_18642,G_18642,18642,True,False,18642
G_18648,G_18648,18648,True,False,18648
G_18655,G_18655,18655,True,False,18655
G_18663,G_18663,18663,True,False,18663
G_18670,G_18670,18670,True,False,18670
G_18674,G_18674,18674,True,False,18674
G_18700,G_18700,18700,True,False,18700
G_18701,G_18701,18701,True,False,18701
G_18704,G_18704,18704,True,False,18704
G_18705,G_18705,18705,True,False,18705
G_18706,G_18706,18706,True,False,18706
G_18707,G_18707,18707,True,False,18707
G_18708,G_18708,18708,True,False,18708
G_18709,G_18709,18709,True,False,18709
G_18710,G_18710,18710,True,False,18710
G_18711,G_18711,18711,True,False,18711
G_18717,G_18717,18717,True,False,18717
G_18718,G_18718,18718,True,False,18718
G_18719,G_18719,18719,True,False,18719
G_18720,G_18720,18720,True,False,18720
G_18746,G_18746,18746,True,False,18746
G_18770,G_18770,18770,True,False,18770
G_18795,G_18795,18795,True,False,18795
G_18796,G_18796,18796,True,False,18796
G_18797,G_18797,18797,True,False,18797
G_18798,G_18798,18798,True,False,18798
G_18799,G_18799,18799,True,False,18799
G_18802,G_18802,18802,True,False,18802
G_18803,G_18803,18803,True,False,18803
G_18805,G_18805,18805,True,False,18805
G_18806,G_18806,18806,True,False,18806
G_18822,G_18822,18822,True,False,18822
G_18946,G_18946,18946,True,False,18946
G_18947,G_18947,18947,True,False,18947
G_18948,G_18948,18948,True,False,18948
G_19012,G_19012,19012,True,False,19012
G_19025,G_19025,19025,True,False,19025
G_19044,G_19044,19044,True,False,19044
G_19125,G_19125,19125,True,False,19125
G_19139,G_19139,19139,True,False,19139
G_19193,G_19193,19193,True,False,19193
G_19210,G_19210,19210,True,False,19210
G_19211,G_19211,19211,True,False,19211
G_19215,G_19215,19215,True,False,19215
G_192156,G_192156,192156,True,False,192156
G_192166,G_192166,192166,True,False,192166
G_192185,G_192185,192185,True,False,192185
G_19223,G_19223,19223,True,False,19223
G_19224,G_19224,19224,True,False,19224
G_19225,G_19225,19225,True,False,19225
G_192289,G_192289,192289,True,False,192289
G_19286,G_19286,19286,True,False,19286
G_19309,G_19309,19309,True,False,19309
G_19378,G_19378,19378,True,False,19378
G_195646,G_195646,195646,True,False,195646
G_19682,G_19682,19682,True,False,19682
G_19703,G_19703,19703,True,False,19703
G_19743,G_19743,19743,True,False,19743
G_19895,G_19895,19895,True,False,19895
G_20014,G_20014,20014,True,False,20014
G_20133,G_20133,20133,True,False,20133
G_20135,G_20135,20135,True,False,20135
G_20229,G_20229,20229,True,False,20229
G_20249,G_20249,20249,True,False,20249
G_20280,G_20280,20280,True,False,20280
G_20322,G_20322,20322,True,False,20322
G_20397,G_20397,20397,True,False,20397
G_20425,G_20425,20425,True,False,20425
G_20440,G_20440,20440,True,False,20440
G_20442,G_20442,20442,True,False,20442
G_20443,G_20443,20443,True,False,20443
G_20444,G_20444,20444,True,False,20444
G_20445,G_20445,20445,True,False,20445
G_20446,G_20446,20446,True,False,20446
G_20447,G_20447,20447,True,False,20447
G_20449,G_20449,20449,True,False,20449
G_20454,G_20454,20454,True,False,20454
G_20493,G_20493,20493,True,False,20493
G_20494,G_20494,20494,True,False,20494
G_20495,G_20495,20495,True,False,20495
G_20496,G_20496,20496,True,False,20496
G_20497,G_20497,20497,True,False,20497
G_20498,G_20498,20498,True,False,20498
G_20499,G_20499,20499,True,False,20499
G_20500,G_20500,20500,True,False,20500
G_20501,G_20501,20501,True,False,20501
G_20502,G_20502,20502,True,False,20502
G_20503,G_20503,20503,True,False,20503
G_20504,G_20504,20504,True,False,20504
G_20505,G_20505,20505,True,False,20505
G_20508,G_20508,20508,True,False,20508
G_20509,G_20509,20509,True,False,20509
G_20510,G_20510,20510,True,False,20510
G_20511,G_20511,20511,True,False,20511
G_20512,G_20512,20512,True,False,20512
G_20513,G_20513,20513,True,False,20513
G_20514,G_20514,20514,True,False,20514
G_20515,G_20515,20515,True,False,20515
G_20516,G_20516,20516,True,False,20516
G_20517,G_20517,20517,True,False,20517
G_20518,G_20518,20518,True,False,20518
G_20519,G_20519,20519,True,False,20519
G_20520,G_20520,20520,True,False,20520
G_20522,G_20522,20522,True,False,20522
G_20523,G_20523,20523,True,False,20523
G_20525,G_20525,20525,True,False,20525
G_20526,G_20526,20526,True,False,20526
G_20527,G_20527,20527,True,False,20527
G_20528,G_20528,20528,True,False,20528
G_20531,G_20531,20531,True,False,20531
G_20532,G_20532,20532,True,False,20532
G_20533,G_20533,20533,True,False,20533
G_20535,G_20535,20535,True,False,20535
G_20536,G_20536,20536,True,False,20536
G_20537,G_20537,20537,True,False,20537
G_20538,G_20538,20538,True,False,20538
G_20539,G_20539,20539,True,False,20539
G_20540,G_20540,20540,True,False,20540
G_20541,G_20541,20541,True,False,20541
G_20544,G_20544,20544,True,False,20544
G_20603,G_20603,20603,True,False,20603
G_20652,G_20652,20652,True,False,20652
G_20655,G_20655,20655,True,False,20655
G_20656,G_20656,20656,True,False,20656
G_20657,G_20657,20657,True,False,20657
G_20751,G_20751,20751,True,False,20751
G_20768,G_20768,20768,True,False,20768
G_207728,G_207728,207728,True,False,207728
G_20773,G_20773,20773,True,False,20773
G_20775,G_20775,20775,True,False,20775
G_20810,G_20810,20810,True,False,20810
G_208211,G_208211,208211,True,False,208211
G_208266,G_208266,208266,True,False,208266
G_208285,G_208285,208285,True,False,208285
G_208449,G_208449,208449,True,False,208449
G_20859,G_20859,20859,True,False,20859
G_20860,G_20860,20860,True,False,20860
G_208624,G_208624,208624,True,False,208624
G_208665,G_208665,208665,True,False,208665
G_208715,G_208715,208715,True,False,208715
G_20887,G_20887,20887,True,False,20887
G_208890,G_208890,208890,True,False,208890
G_208967,G_208967,208967,True,False,208967
G_208982,G_208982,208982,True,False,208982
G_209027,G_209027,209027,True,False,209027
G_20916,G_20916,20916,True,False,20916
G_20917,G_20917,20917,True,False,20917
G_20937,G_20937,20937,True,False,20937
G_209558,G_209558,209558,True,False,209558
G_20975,G_20975,20975,True,False,20975
G_209837,G_209837,209837,True,False,209837
G_210044,G_210044,210044,True,False,210044
G_211347,G_211347,211347,True,False,211347
G_211389,G_211389,211389,True,False,211389
G_211666,G_211666,211666,True,False,211666
G_212032,G_212032,212032,True,False,212032
G_212111,G_212111,212111,True,False,212111
G_212647,G_212647,212647,True,False,212647
G_212862,G_212862,212862,True,False,212862
G_212974,G_212974,212974,True,False,212974
G_21351,G_21351,21351,True,False,21351
G_21366,G_21366,21366,True,False,21366
G_21391,G_21391,21391,True,False,21391
G_214084,G_214084,214084,True,False,214084
G_214111,G_214111,214111,True,False,214111
G_214253,G_214253,214253,True,False,214253
G_214579,G_214579,214579,True,False,214579
G_214593,G_214593,214593,True,False,214593
G_215113,G_215113,215113,True,False,215113
G_215335,G_215335,215335,True,False,215335
G_215446,G_215446,215446,True,False,215446
G_216019,G_216019,216019,True,False,216019
G_216134,G_216134,216134,True,False,216134
G_216225,G_216225,216225,True,False,216225
G_216343,G_216343,216343,True,False,216343
G_216456,G_216456,216456,True,False,216456
G_216558,G_216558,216558,True,False,216558
G_21672,G_21672,21672,True,False,21672
G_217119,G_217119,217119,True,False,217119
G_217214,G_217214,217214,True,False,217214
G_217364,G_217364,217364,True,False,217364
G_21743,G_21743,21743,True,False,21743
G_217593,G_217593,217593,True,False,217593
G_217664,G_217664,217664,True,False,217664
G_217707,G_217707,217707,True,False,217707
G_218138,G_218138,218138,True,False,218138
G_21823,G_21823,21823,True,False,21823
G_218271,G_218271,218271,True,False,218271
G_218461,G_218461,218461,True,False,218461
G_21871,G_21871,21871,True,False,21871
G_218756,G_218756,218756,True,False,218756
G_21881,G_21881,21881,True,False,21881
G_218865,G_218865,218865,True,False,218865
G_21915,G_21915,21915,True,False,21915
G_21990,G_21990,21990,True,False,21990
G_21991,G_21991,21991,True,False,21991
G_22018,G_22018,22018,True,False,22018
G_22117,G_22117,22117,True,False,22117
G_22122,G_22122,22122,True,False,22122
G_22171,G_22171,22171,True,False,22171
G_22173,G_22173,22173,True,False,22173
G_22178,G_22178,22178,True,False,22178
G_222,G_222,222,True,False,222
G_22227,G_22227,22227,True,False,22227
G_22228,G_22228,22228,True,False,22228
G_22229,G_22229,22229,True,False,22229
G_22232,G_22232,22232,True,False,22232
G_22234,G_22234,22234,True,False,22234
G_22235,G_22235,22235,True,False,22235
G_22240,G_22240,22240,True,False,22240
G_22245,G_22245,22245,True,False,22245
G_22247,G_22247,22247,True,False,22247
G_22271,G_22271,22271,True,False,22271
G_22272,G_22272,22272,True,False,22272
G_22273,G_22273,22273,True,False,22273
G_22275,G_22275,22275,True,False,22275
G_22276,G_22276,22276,True,False,22276
G_22305,G_22305,22305,True,False,22305
G_22348,G_22348,22348,True,False,22348
G_22361,G_22361,22361,True,False,22361
G_223722,G_223722,223722,True,False,223722
G_223753,G_223753,223753,True,False,223753
G_224020,G_224020,224020,True,False,224020
G_224129,G_224129,224129,True,False,224129
G_22436,G_22436,22436,True,False,22436
G_224530,G_224530,224530,True,False,224530
G_224661,G_224661,224661,True,False,224661
G_225326,G_225326,225326,True,False,225326
G_225600,G_225600,225600,True,False,225600
G_225742,G_225742,225742,True,False,225742
G_225887,G_225887,225887,True,False,225887
G_225994,G_225994,225994,True,False,225994
G_226413,G_226413,226413,True,False,226413
G_226518,G_226518,226518,True,False,226518
G_226646,G_226646,226646,True,False,226646
G_226999,G_226999,226999,True,False,226999
G_227095,G_227095,227095,True,False,227095
G_227197,G_227197,227197,True,False,227197
G_227231,G_227231,227231,True,False,227231
G_227327,G_227327,227327,True,False,227327
G_227619,G_227619,227619,True,False,227619
G_227671,G_227671,227671,True,False,227671
G_228033,G_228033,228033,True,False,228033
G_228061,G_228061,228061,True,False,228061
G_228368,G_228368,228368,True,False,228368
G_228550,G_228550,228550,True,False,228550
G_228812,G_228812,228812,True,False,228812
G_229211,G_229211,229211,True,False,229211
G_229363,G_229363,229363,True,False,229363
G_229665,G_229665,229665,True,False,229665
G_229709,G_229709,229709,True,False,229709
G_229782,G_229782,229782,True,False,229782
G_229949,G_229949,229949,True,False,229949
G_230027,G_230027,230027,True,False,230027
G_230075,G_230075,230075,True,False,230075
G_230099,G_230099,230099,True,False,230099
G_230103,G_230103,230103,True,False,230103
G_230163,G_230163,230163,True,False,230163
G_230612,G_230612,230612,True,False,230612
G_230801,G_230801,230801,True,False,230801
G_230815,G_230815,230815,True,False,230815
G_231051,G_231051,231051,True,False,231051
G_231086,G_231086,231086,True,False,231086
G_231327,G_231327,231327,True,False,231327
G_231583,G_231583,231583,True,False,231583
G_231691,G_231691,231691,True,False,231691
G_231727,G_231727,231727,True,False,231727
G_232087,G_232087,232087,True,False,232087
G_232156,G_232156,232156,True,False,232156
G_232223,G_232223,232223,True,False,232223
G_232333,G_232333,232333,True,False,232333
G_232493,G_232493,232493,True,False,232493
G_232714,G_232714,232714,True,False,232714
G_232984,G_232984,232984,True,False,232984
G_233011,G_233011,233011,True,False,233011
G_233016,G_233016,233016,True,False,233016
G_233549,G_233549,233549,True,False,233549
G_233781,G_233781,233781,True,False,233781
G_233836,G_233836,233836,True,False,233836
G_234356,G_234356,234356,True,False,234356
G_234515,G_234515,234515,True,False,234515
G_234724,G_234724,234724,True,False,234724
G_234730,G_234730,234730,True,False,234730
G_234779,G_234779,234779,True,False,234779
G_234889,G_234889,234889,True,False,234889
G_235033,G_235033,235033,True,False,235033
G_235293,G_235293,235293,True,False,235293
G_235339,G_235339,235339,True,False,235339
G_235504,G_235504,235504,True,False,235504
G_23563,G_23563,23563,True,False,23563
G_236539,G_236539,236539,True,False,236539
G_236727,G_236727,236727,True,False,236727
G_236899,G_236899,236899,True,False,236899
G_237625,G_237625,237625,True,False,237625
G_237823,G_237823,237823,True,False,237823
G_237831,G_237831,237831,True,False,237831
G_237928,G_237928,237928,True,False,237928
G_237940,G_237940,237940,True,False,237940
G_23827,G_23827,23827,True,False,23827
G_23831,G_23831,23831,True,False,23831
G_238384,G_238384,238384,True,False,238384
G_238505,G_238505,238505,True,False,238505
G_23887,G_23887,23887,True,False,23887
G_238871,G_238871,238871,True,False,238871
G_23900,G_23900,23900,True,False,23900
G_23908,G_23908,23908,True,False,23908
G_239122,G_239122,239122,True,False,239122
G_23917,G_23917,23917,True,False,23917
G_23918,G_23918,23918,True,False,23918
G_23923,G_23923,23923,True,False,23923
G_239273,G_239273,239273,True,False,239273
G_23945,G_23945,23945,True,False,23945
G_239559,G_239559,239559,True,False,239559
G_23956,G_23956,23956,True,False,23956
G_23959,G_23959,23959,True,False,23959
G_239606,G_239606,239606,True,False,239606
G_23971,G_23971,23971,True,False,23971
G_23972,G_23972,23972,True,False,23972
G_239827,G_239827,239827,True,False,239827
G_23984,G_23984,23984,True,False,23984
G_23985,G_23985,23985,True,False,23985
G_240215,G_240215,240215,True,False,240215
G_240332,G_240332,240332,True,False,240332
G_24059,G_24059,24059,True,False,24059
G_24060,G_24060,24060,True,False,24060
G_240752,G_240752,240752,True,False,240752
G_241062,G_241062,241062,True,False,241062
G_241159,G_241159,241159,True,False,241159
G_241489,G_241489,241489,True,False,241489
G_241612,G_241612,241612,True,False,241612
G_242202,G_242202,242202,True,False,242202
G_242285,G_242285,242285,True,False,242285
G_242341,G_242341,242341,True,False,242341
G_242585,G_242585,242585,True,False,242585
G_242607,G_242607,242607,True,False,242607
G_242669,G_242669,242669,True,False,242669
G_243537,G_243537,243537,True,False,243537
G_243616,G_243616,243616,True,False,243616
G_243755,G_243755,243755,True,False,243755
G_245650,G_245650,245650,True,False,245650
G_245847,G_245847,245847,True,False,245847
G_246221,G_246221,246221,True,False,246221
G_246277,G_246277,246277,True,False,246277
G_246787,G_246787,246787,True,False,246787
G_2544,G_2544,2544,True,False,2544
G_26062,G_26062,26062,True,False,26062
G_26237,G_26237,26237,True,False,26237
G_26363,G_26363,26363,True,False,26363
G_26384,G_26384,26384,True,False,26384
G_26432,G_26432,26432,True,False,26432
G_26433,G_26433,26433,True,False,26433
G_26457,G_26457,26457,True,False,26457
G_26458,G_26458,26458,True,False,26458
G_26459,G_26459,26459,True,False,26459
G_26462,G_26462,26462,True,False,26462
G_26464,G_26464,26464,True,False,26464
G_2655,G_2655,2655,True,False,2655
G_26568,G_26568,26568,True,False,26568
G_26569,G_26569,26569,True,False,26569
G_26570,G_26570,26570,True,False,26570
G_266645,G_266645,266645,True,False,266645
G_266744,G_266744,266744,True,False,266744
G_2679,G_2679,2679,True,False,2679
G_268512,G_268512,268512,True,False,268512
G_268656,G_268656,268656,True,False,268656
G_268782,G_268782,268782,True,False,268782
G_26879,G_26879,26879,True,False,26879
G_268860,G_268860,268860,True,False,268860
G_26887,G_26887,26887,True,False,26887
G_26912,G_26912,26912,True,False,26912
G_269180,G_269180,269180,True,False,269180
G_269181,G_269181,269181,True,False,269181
G_269346,G_269346,269346,True,False,269346
G_269378,G_269378,269378,True,False,269378
G_26938,G_26938,26938,True,False,26938
G_269437,G_269437,269437,True,False,269437
G_269614,G_269614,269614,True,False,269614
G_269615,G_269615,269615,True,False,269615
G_269941,G_269941,269941,True,False,269941
G_269951,G_269951,269951,True,False,269951
G_270076,G_270076,270076,True,False,270076
G_270198,G_270198,270198,True,False,270198
G_27029,G_27029,27029,True,False,27029
G_27053,G_27053,27053,True,False,27053
G_27060,G_27060,27060,True,False,27060
G_270685,G_270685,270685,True,False,270685
G_27124,G_27124,27124,True,False,27124
G_2713,G_2713,2713,True,False,2713
G_271424,G_271424,271424,True,False,271424
G_271639,G_271639,271639,True,False,271639
G_27226,G_27226,27226,True,False,27226
G_272411,G_272411,272411,True,False,272411
G_27357,G_27357,27357,True,False,27357
G_27369,G_27369,27369,True,False,27369
G_27376,G_27376,27376,True,False,27376
G_27388,G_27388,27388,True,False,27388
G_27392,G_27392,27392,True,False,27392
G_27399,G_27399,27399,True,False,27399
G_27402,G_27402,27402,True,False,27402
G_27411,G_27411,27411,True,False,27411
G_27413,G_27413,27413,True,False,27413
G_27416,G_27416,27416,True,False,27416
G_27419,G_27419,27419,True,False,27419
G_276846,G_276846,276846,True,False,276846
G_277973,G_277973,277973,True,False,277973
G_280,G_280,280,True,False,280
G_280645,G_280645,280645,True,False,280645
G_28169,G_28169,28169,True,False,28169
G_28250,G_28250,28250,True,False,28250
G_284208,G_284208,284208,True,False,284208
G_285216,G_285216,285216,True,False,285216
G_286016,G_286016,286016,True,False,286016
G_286297,G_286297,286297,True,False,286297
G_2974,G_2974,2974,True,False,2974
G_29807,G_29807,29807,True,False,29807
G_29858,G_29858,29858,True,False,29858
G_29863,G_29863,29863,True,False,29863
G_30805,G_30805,30805,True,False,30805
G_30955,G_30955,30955,True,False,30955
G_30956,G_30956,30956,True,False,30956
G_30962,G_30962,30962,True,False,30962
G_319415,G_319415,319415,True,False,319415
G_319554,G_319554,319554,True,False,319554
G_319848,G_319848,319848,True,False,319848
G_319945,G_319945,319945,True,False,319945
G_320127,G_320127,320127,True,False,320127
G_320207,G_320207,320207,True,False,320207
G_320404,G_320404,320404,True,False,320404
G_320438,G_320438,320438,True,False,320438
G_320634,G_320634,320634,True,False,320634
G_320685,G_320685,320685,True,False,320685
G_320707,G_320707,320707,True,False,320707
G_320718,G_320718,320718,True,False,320718
G_327942,G_327942,327942,True,False,327942
G_328779,G_328779,328779,True,False,328779
G_329777,G_329777,329777,True,False,329777
G_330064,G_330064,330064,True,False,330064
G_330836,G_330836,330836,True,False,330836
G_331026,G_331026,331026,True,False,331026
G_333424,G_333424,333424,True,False,333424
G_338362,G_338362,338362,True,False,338362
G_338375,G_338375,338375,True,False,338375
G_338403,G_338403,338403,True,False,338403
G_348477,G_348477,348477,True,False,348477
G_380959,G_380959,380959,True,False,380959
G_381290,G_381290,381290,True,False,381290
G_381903,G_381903,381903,True,False,381903
G_404195,G_404195,404195,True,False,404195
G_407785,G_407785,407785,True,False,407785
G_4122,G_4122,4122,True,False,4122
G_432530,G_432530,432530,True,False,432530
G_433022,G_433022,433022,True,False,433022
G_433256,G_433256,433256,True,False,433256
G_433923,G_433923,433923,True,False,433923
G_433931,G_433931,433931,True,False,433931
G_434203,G_434203,434203,True,False,434203
G_434437,G_434437,434437,True,False,434437
G_436059,G_436059,436059,True,False,436059
G_4541,G_4541,4541,True,False,4541
G_4707,G_4707,4707,True,False,4707
G_4710,G_4710,4710,True,False,4710
G_4844,G_4844,4844,True,False,4844
G_4845,G_4845,4845,True,False,4845
G_50493,G_50493,50493,True,False,50493
G_50773,G_50773,50773,True,False,50773
G_50784,G_50784,50784,True,False,50784
G_50785,G_50785,50785,True,False,50785
G_50786,G_50786,50786,True,False,50786
G_50787,G_50787,50787,True,False,50787
G_50790,G_50790,50790,True,False,50790
G_50798,G_50798,50798,True,False,50798
G_50799,G_50799,50799,True,False,50799
G_50880,G_50880,50880,True,False,50880
G_50917,G_50917,50917,True,False,50917
G_50934,G_50934,50934,True,False,50934
G_50935,G_50935,50935,True,False,50935
G_514,G_514,514,True,False,514
G_51797,G_51797,51797,True,False,51797
G_51798,G_51798,51798,True,False,51798
G_52123,G_52123,52123,True,False,52123
G_5240,G_5240,5240,True,False,5240
G_52430,G_52430,52430,True,False,52430
G_52466,G_52466,52466,True,False,52466
G_52815,G_52815,52815,True,False,52815
G_52858,G_52858,52858,True,False,52858
G_5334,G_5334,5334,True,False,5334
G_53374,G_53374,53374,True,False,53374
G_53418,G_53418,53418,True,False,53418
G_53618,G_53618,53618,True,False,53618
G_53625,G_53625,53625,True,False,53625
G_53881,G_53881,53881,True,False,53881
G_53893,G_53893,53893,True,False,53893
G_53896,G_53896,53896,True,False,53896
G_53897,G_53897,53897,True,False,53897
G_54128,G_54128,54128,True,False,54128
G_54195,G_54195,54195,True,False,54195
G_54200,G_54200,54200,True,False,54200
G_54218,G_54218,54218,True,False,54218
G_54338,G_54338,54338,True,False,54338
G_54342,G_54342,54342,True,False,54342
G_54369,G_54369,54369,True,False,54369
G_54371,G_54371,54371,True,False,54371
G_54403,G_54403,54403,True,False,54403
G_54405,G_54405,54405,True,False,54405
G_54480,G_54480,54480,True,False,54480
G_54486,G_54486,54486,True,False,54486
G_54611,G_54611,54611,True,False,54611
G_54613,G_54613,54613,True,False,54613
G_54616,G_54616,54616,True,False,54616
G_54710,G_54710,54710,True,False,54710
G_55350,G_55350,55350,True,False,55350
G_55936,G_55936,55936,True,False,55936
G_55961,G_55961,55961,True,False,55961
G_55963,G_55963,55963,True,False,55963
G_55979,G_55979,55979,True,False,55979
G_55980,G_55980,55980,True,False,55980
G_55981,G_55981,55981,True,False,55981
G_56012,G_56012,56012,True,False,56012
G_56017,G_56017,56017,True,False,56017
G_56050,G_56050,56050,True,False,56050
G_56078,G_56078,56078,True,False,56078
G_56174,G_56174,56174,True,False,56174
G_56176,G_56176,56176,True,False,56176
G_56185,G_56185,56185,True,False,56185
G_56189,G_56189,56189,True,False,56189
G_56219,G_56219,56219,True,False,56219
G_56248,G_56248,56248,True,False,56248
G_56336,G_56336,56336,True,False,56336
G_56357,G_56357,56357,True,False,56357
G_56388,G_56388,56388,True,False,56388
G_56421,G_56421,56421,True,False,56421
G_56448,G_56448,56448,True,False,56448
G_56451,G_56451,56451,True,False,56451
G_56454,G_56454,56454,True,False,56454
G_56473,G_56473,56473,True,False,56473
G_56520,G_56520,56520,True,False,56520
G_56529,G_56529,56529,True,False,56529
G_56632,G_56632,56632,True,False,56632
G_56690,G_56690,56690,True,False,56690
G_56703,G_56703,56703,True,False,56703
G_56720,G_56720,56720,True,False,56720
G_56727,G_56727,56727,True,False,56727
G_56737,G_56737,56737,True,False,56737
G_56749,G_56749,56749,True,False,56749
G_56752,G_56752,56752,True,False,56752
G_56773,G_56773,56773,True,False,56773
G_56774,G_56774,56774,True,False,56774
G_56847,G_56847,56847,True,False,56847
G_57028,G_57028,57028,True,False,57028
G_57138,G_57138,57138,True,False,57138
G_57170,G_57170,57170,True,False,57170
G_57274,G_57274,57274,True,False,57274
G_57279,G_57279,57279,True,False,57279
G_57370,G_57370,57370,True,False,57370
G_57377,G_57377,57377,True,False,57377
G_57423,G_57423,57423,True,False,57423
G_57738,G_57738,57738,True,False,57738
G_57813,G_57813,57813,True,False,57813
G_58176,G_58176,58176,True,False,58176
G_58193,G_58193,58193,True,False,58193
G_58246,G_58246,58246,True,False,58246
G_58250,G_58250,58250,True,False,58250
G_58810,G_58810,58810,True,False,58810
G_58866,G_58866,58866,True,False,58866
G_58875,G_58875,58875,True,False,58875
G_58994,G_58994,58994,True,False,58994
G_59012,G_59012,59012,True,False,59012
G_59031,G_59031,59031,True,False,59031
G_59033,G_59033,59033,True,False,59033
G_59045,G_59045,59045,True,False,59045
G_595136,G_595136,595136,True,False,595136
G_60322,G_60322,60322,True,False,60322
G_60525,G_60525,60525,True,False,60525
G_60596,G_60596,60596,True,False,60596
G_619653,G_619653,619653,True,False,619653
G_625249,G_625249,625249,True,False,625249
G_626571,G_626571,626571,True,False,626571
G_627998,G_627998,627998,True,False,627998
G_628779,G_628779,628779,True,False,628779
G_63857,G_63857,63857,True,False,63857
G_63959,G_63959,63959,True,False,63959
G_63993,G_63993,63993,True,False,63993
G_64008,G_64008,64008,True,False,64008
G_64059,G_64059,64059,True,False,64059
G_64292,G_64292,64292,True,False,64292
G_64385,G_64385,64385,True,False,64385
G_64436,G_64436,64436,True,False,64436
G_64580,G_64580,64580,True,False,64580
G_64602,G_64602,64602,True,False,64602
G_64705,G_64705,64705,True,False,64705
G_64707,G_64707,64707,True,False,64707
G_6487,G_6487,6487,True,False,6487
G_64918,G_64918,64918,True,False,64918
G_6537,G_6537,6537,True,False,6537
G_66043,G_66043,66043,True,False,66043
G_66046,G_66046,66046,True,False,66046
G_66052,G_66052,66052,True,False,66052
G_66091,G_66091,66091,True,False,66091
G_66108,G_66108,66108,True,False,66108
G_66144,G_66144,66144,True,False,66144
G_66152,G_66152,66152,True,False,66152
G_66171,G_66171,66171,True,False,66171
G_66194,G_66194,66194,True,False,66194
G_66204,G_66204,66204,True,False,66204
G_66218,G_66218,66218,True,False,66218
G_66234,G_66234,66234,True,False,66234
G_66237,G_66237,66237,True,False,66237
G_66248,G_66248,66248,True,False,66248
G_66260,G_66260,66260,True,False,66260
G_66286,G_66286,66286,True,False,66286
G_66290,G_66290,66290,True,False,66290
G_66335,G_66335,66335,True,False,66335
G_66355,G_66355,66355,True,False,66355
G_66377,G_66377,66377,True,False,66377
G_66401,G_66401,66401,True,False,66401
G_66414,G_66414,66414,True,False,66414
G_66416,G_66416,66416,True,False,66416
G_66445,G_66445,66445,True,False,66445
G_66447,G_66447,66447,True,False,66447
G_66454,G_66454,66454,True,False,66454
G_66495,G_66495,66495,True,False,66495
G_66514,G_66514,66514,True,False,66514
G_66586,G_66586,66586,True,False,66586
G_66588,G_66588,66588,True,False,66588
G_66594,G_66594,66594,True,False,66594
G_66624,G_66624,66624,True,False,66624
G_66646,G_66646,66646,True,False,66646
G_66681,G_66681,66681,True,False,66681
G_66694,G_66694,66694,True,False,66694
G_667034,G_667034,667034,True,False,667034
G_667301,G_667301,667301,True,False,667301
G_66812,G_66812,66812,True,False,66812
G_66841,G_66841,66841,True,False,66841
G_66848,G_66848,66848,True,False,66848
G_66885,G_66885,66885,True,False,66885
G_66902,G_66902,66902,True,False,66902
G_66904,G_66904,66904,True,False,66904
G_66916,G_66916,66916,True,False,66916
G_66925,G_66925,66925,True,False,66925
G_66945,G_66945,66945,True,False,66945
G_66948,G_66948,66948,True,False,66948
G_67003,G_67003,67003,True,False,67003
G_67041,G_67041,67041,True,False,67041
G_67054,G_67054,67054,True,False,67054
G_67092,G_67092,67092,True,False,67092
G_67130,G_67130,67130,True,False,67130
G_67184,G_67184,67184,True,False,67184
G_67264,G_67264,67264,True,False,67264
G_67273,G_67273,67273,True,False,67273
G_67283,G_67283,67283,True,False,67283
G_67292,G_67292,67292,True,False,67292
G_67375,G_67375,67375,True,False,67375
G_67464,G_67464,67464,True,False,67464
G_67512,G_67512,67512,True,False,67512
G_67530,G_67530,67530,True,False,67530
G_67556,G_67556,67556,True,False,67556
G_67582,G_67582,67582,True,False,67582
G_67680,G_67680,67680,True,False,67680
G_67689,G_67689,67689,True,False,67689
G_67717,G_67717,67717,True,False,67717
G_67729,G_67729,67729,True,False,67729
G_67758,G_67758,67758,True,False,67758
G_67760,G_67760,67760,True,False,67760
G_67800,G_67800,67800,True,False,67800
G_67834,G_67834,67834,True,False,67834
G_67863,G_67863,67863,True,False,67863
G_67880,G_67880,67880,True,False,67880
G_67883,G_67883,67883,True,False,67883
G_67895,G_67895,67895,True,False,67895
G_67916,G_67916,67916,True,False,67916
G_67956,G_67956,67956,True,False,67956
G_67972,G_67972,67972,True,False,67972
G_67980,G_67980,67980,True,False,67980
G_68018,G_68018,68018,True,False,68018
G_68133,G_68133,68133,True,False,68133
G_68197,G_68197,68197,True,False,68197
G_68198,G_68198,68198,True,False,68198
G_68202,G_68202,68202,True,False,68202
G_68262,G_68262,68262,True,False,68262
G_68263,G_68263,68263,True,False,68263
G_68267,G_68267,68267,True,False,68267
G_68342,G_68342,68342,True,False,68342
G_68349,G_68349,68349,True,False,68349
G_68375,G_68375,68375,True,False,68375
G_68393,G_68393,68393,True,False,68393
G_68401,G_68401,68401,True,False,68401
G_68563,G_68563,68563,True,False,68563
G_68603,G_68603,68603,True,False,68603
G_68671,G_68671,68671,True,False,68671
G_68738,G_68738,68738,True,False,68738
G_68775,G_68775,68775,True,False,68775
G_68977,G_68977,68977,True,False,68977
G_69019,G_69019,69019,True,False,69019
G_69051,G_69051,69051,True,False,69051
G_69060,G_69060,69060,True,False,69060
G_69080,G_69080,69080,True,False,69080
G_69156,G_69156,69156,True,False,69156
G_69215,G_69215,69215,True,False,69215
G_69354,G_69354,69354,True,False,69354
G_69367,G_69367,69367,True,False,69367
G_69519,G_69519,69519,True,False,69519
G_69634,G_69634,69634,True,False,69634
G_69718,G_69718,69718,True,False,69718
G_69719,G_69719,69719,True,False,69719
G_69875,G_69875,69875,True,False,69875
G_69888,G_69888,69888,True,False,69888
G_69976,G_69976,69976,True,False,69976
G_69983,G_69983,69983,True,False,69983
G_70266,G_70266,70266,True,False,70266
G_70325,G_70325,70325,True,False,70325
G_70484,G_70484,70484,True,False,70484
G_70503,G_70503,70503,True,False,70503
G_70750,G_70750,70750,True,False,70750
G_70789,G_70789,70789,True,False,70789
G_71279,G_71279,71279,True,False,71279
G_71336,G_71336,71336,True,False,71336
G_71665,G_71665,71665,True,False,71665
G_71670,G_71670,71670,True,False,71670
G_71743,G_71743,71743,True,False,71743
G_71760,G_71760,71760,True,False,71760
G_71780,G_71780,71780,True,False,71780
G_71797,G_71797,71797,True,False,71797
G_71803,G_71803,71803,True,False,71803
G_71883,G_71883,71883,True,False,71883
G_71884,G_71884,71884,True,False,71884
G_71911,G_71911,71911,True,False,71911
G_71934,G_71934,71934,True,False,71934
G_71985,G_71985,71985,True,False,71985
G_72039,G_72039,72039,True,False,72039
G_72054,G_72054,72054,True,False,72054
G_72077,G_72077,72077,True,False,72077
G_72082,G_72082,72082,True,False,72082
G_72084,G_72084,72084,True,False,72084
G_72136,G_72136,72136,True,False,72136
G_72157,G_72157,72157,True,False,72157
G_72269,G_72269,72269,True,False,72269
G_72297,G_72297,72297,True,False,72297
G_72401,G_72401,72401,True,False,72401
G_72469,G_72469,72469,True,False,72469
G_72535,G_72535,72535,True,False,72535
G_72727,G_72727,72727,True,False,72727
G_72900,G_72900,72900,True,False,72900
G_72962,G_72962,72962,True,False,72962
G_73132,G_73132,73132,True,False,73132
G_73166,G_73166,73166,True,False,73166
G_73251,G_73251,73251,True,False,73251
G_7359,G_7359,7359,True,False,7359
G_73649,G_73649,73649,True,False,73649
G_73724,G_73724,73724,True,False,73724
G_73744,G_73744,73744,True,False,73744
G_73834,G_73834,73834,True,False,73834
G_73836,G_73836,73836,True,False,73836
G_74011,G_74011,74011,True,False,74011
G_74055,G_74055,74055,True,False,74055
G_74080,G_74080,74080,True,False,74080
G_74114,G_74114,74114,True,False,74114
G_74129,G_74129,74129,True,False,74129
G_74147,G_74147,74147,True,False,74147
G_74156,G_74156,74156,True,False,74156
G_74167,G_74167,74167,True,False,74167
G_74185,G_74185,74185,True,False,74185
G_74205,G_74205,74205,True,False,74205
G_74241,G_74241,74241,True,False,74241
G_74246,G_74246,74246,True,False,74246
G_74302,G_74302,74302,True,False,74302
G_74340,G_74340,74340,True,False,74340
G_74419,G_74419,74419,True,False,74419
G_74450,G_74450,74450,True,False,74450
G_74451,G_74451,74451,True,False,74451
G_74551,G_74551,74551,True,False,74551
G_74596,G_74596,74596,True,False,74596
G_74754,G_74754,74754,True,False,74754
G_74769,G_74769,74769,True,False,74769
G_74776,G_74776,74776,True,False,74776
G_74915,G_74915,74915,True,False,74915
G_75320,G_75320,75320,True,False,75320
G_75406,G_75406,75406,True,False,75406
G_75456,G_75456,75456,True,False,75456
G_75475,G_75475,75475,True,False,75475
G_75512,G_75512,75512,True,False,75512
G_75540,G_75540,75540,True,False,75540
G_75572,G_75572,75572,True,False,75572
G_75612,G_75612,75612,True,False,75612
G_75735,G_75735,75735,True,False,75735
G_75986,G_75986,75986,True,False,75986
G_76025,G_76025,76025,True,False,76025
G_76051,G_76051,76051,True,False,76051
G_76238,G_76238,76238,True,False,76238
G_76257,G_76257,76257,True,False,76257
G_76267,G_76267,76267,True,False,76267
G_76282,G_76282,76282,True,False,76282
G_76355,G_76355,76355,True,False,76355
G_76376,G_76376,76376,True,False,76376
G_76408,G_76408,76408,True,False,76408
G_76459,G_76459,76459,True,False,76459
G_76500,G_76500,76500,True,False,76500
G_76507,G_76507,76507,True,False,76507
G_76654,G_76654,76654,True,False,76654
G_76668,G_76668,76668,True,False,76668
G_76687,G_76687,76687,True,False,76687
G_76722,G_76722,76722,True,False,76722
G_76768,G_76768,76768,True,False,76768
G_76898,G_76898,76898,True,False,76898
G_76952,G_76952,76952,True,False,76952
G_76969,G_76969,76969,True,False,76969
G_77031,G_77031,77031,True,False,77031
G_77337,G_77337,77337,True,False,77337
G_77559,G_77559,77559,True,False,77559
G_77683,G_77683,77683,True,False,77683
G_77974,G_77974,77974,True,False,77974
G_78038,G_78038,78038,True,False,78038
G_78070,G_78070,78070,True,False,78070
G_78330,G_78330,78330,True,False,78330
G_78600,G_78600,78600,True,False,78600
G_78752,G_78752,78752,True,False,78752
G_78801,G_78801,78801,True,False,78801
G_78830,G_78830,78830,True,False,78830
G_78894,G_78894,78894,True,False,78894
G_78914,G_78914,78914,True,False,78914
G_78920,G_78920,78920,True,False,78920
G_78923,G_78923,78923,True,False,78923
G_78925,G_78925,78925,True,False,78925
G_78928,G_78928,78928,True,False,78928
G_79059,G_79059,79059,True,False,79059
G_79087,G_79087,79087,True,False,79087
G_79235,G_79235,79235,True,False,79235
G_80068,G_80068,80068,True,False,80068
G_80286,G_80286,80286,True,False,80286
G_80721,G_80721,80721,True,False,80721
G_80879,G_80879,80879,True,False,80879
G_80911,G_80911,80911,True,False,80911
G_80914,G_80914,80914,True,False,80914
G_81535,G_81535,81535,True,False,81535
G_81600,G_81600,81600,True,False,81600
G_83398,G_83398,83398,True,False,83398
G_83553,G_83553,83553,True,False,83553
G_83603,G_83603,83603,True,False,83603
G_83702,G_83702,83702,True,False,83702
G_83885,G_83885,83885,True,False,83885
G_84095,G_84095,84095,True,False,84095
G_84505,G_84505,84505,True,False,84505
G_8781,G_8781,8781,True,False,8781
G_8908,G_8908,8908,True,False,8908
G_91734,G_91734,91734,True,False,91734
G_93683,G_93683,93683,True,False,93683
G_93692,G_93692,93692,True,False,93692
G_93732,G_93732,93732,True,False,93732
G_93747,G_93747,93747,True,False,93747
G_93961,G_93961,93961,True,False,93961
G_94181,G_94181,94181,True,False,94181
G_94192,G_94192,94192,True,False,94192
G_94224,G_94224,94224,True,False,94224
G_94229,G_94229,94229,True,False,94229
G_94249,G_94249,94249,True,False,94249
G_96979,G_96979,96979,True,False,96979
G_97212,G_97212,97212,True,False,97212
G_98256,G_98256,98256,True,False,98256
G_98711,G_98711,98711,True,False,98711
G_99035,G_99035,99035,True,False,99035
G_99439,G_99439,99439,True,False,99439
G_9952,G_9952,9952,True,False,9952
G_9954,G_9954,9954,True,False,9954
G_99586,G_99586,99586,True,False,99586
G_99712,G_99712,99712,True,False,99712
